<annotation>
	<folder>img</folder>
	<filename>1.jpg</filename>
	<path>E:\labimage\windows_v1.8.0\windows_v1.8.0\img\1.jpg</path>
	<source>
		<database>Unknown</database>
	</source>
	<size>
		<width>1275</width>
		<height>1650</height>
		<depth>1</depth>
	</size>
	<segmented>0</segmented>
	<object>
		<name>BSB</name>
		<pose>Unspecified</pose>
		<truncated>0</truncated>
		<difficult>0</difficult>
		<bndbox>
			<xmin>47</xmin>
			<ymin>223</ymin>
			<xmax>166</xmax>
			<ymax>249</ymax>
		</bndbox>
	</object>
	<object>
		<name>ACC</name>
		<pose>Unspecified</pose>
		<truncated>0</truncated>
		<difficult>0</difficult>
		<bndbox>
			<xmin>47</xmin>
			<ymin>251</ymin>
			<xmax>178</xmax>
			<ymax>270</ymax>
		</bndbox>
	</object>
	<object>
		<name>bank</name>
		<pose>Unspecified</pose>
		<truncated>0</truncated>
		<difficult>0</difficult>
		<bndbox>
			<xmin>52</xmin>
			<ymin>274</ymin>
			<xmax>220</xmax>
			<ymax>295</ymax>
		</bndbox>
	</object>
</annotation>
