<annotation>
	<folder>img</folder>
	<filename>13.jpg</filename>
	<path>E:\labimage\windows_v1.8.0\windows_v1.8.0\img\13.jpg</path>
	<source>
		<database>Unknown</database>
	</source>
	<size>
		<width>1240</width>
		<height>1754</height>
		<depth>1</depth>
	</size>
	<segmented>0</segmented>
	<object>
		<name>inv_num</name>
		<pose>Unspecified</pose>
		<truncated>0</truncated>
		<difficult>0</difficult>
		<bndbox>
			<xmin>710</xmin>
			<ymin>1377</ymin>
			<xmax>978</xmax>
			<ymax>1408</ymax>
		</bndbox>
	</object>
	<object>
		<name>due_date</name>
		<pose>Unspecified</pose>
		<truncated>0</truncated>
		<difficult>0</difficult>
		<bndbox>
			<xmin>710</xmin>
			<ymin>1442</ymin>
			<xmax>997</xmax>
			<ymax>1479</ymax>
		</bndbox>
	</object>
	<object>
		<name>company</name>
		<pose>Unspecified</pose>
		<truncated>0</truncated>
		<difficult>0</difficult>
		<bndbox>
			<xmin>202</xmin>
			<ymin>1492</ymin>
			<xmax>569</xmax>
			<ymax>1623</ymax>
		</bndbox>
	</object>
</annotation>
