<annotation>
	<folder>img</folder>
	<filename>16.jpg</filename>
	<path>E:\labimage\windows_v1.8.0\windows_v1.8.0\img\16.jpg</path>
	<source>
		<database>Unknown</database>
	</source>
	<size>
		<width>1240</width>
		<height>1754</height>
		<depth>1</depth>
	</size>
	<segmented>0</segmented>
	<object>
		<name>col</name>
		<pose>Unspecified</pose>
		<truncated>0</truncated>
		<difficult>0</difficult>
		<bndbox>
			<xmin>54</xmin>
			<ymin>82</ymin>
			<xmax>480</xmax>
			<ymax>901</ymax>
		</bndbox>
	</object>
	<object>
		<name>col</name>
		<pose>Unspecified</pose>
		<truncated>0</truncated>
		<difficult>0</difficult>
		<bndbox>
			<xmin>634</xmin>
			<ymin>79</ymin>
			<xmax>752</xmax>
			<ymax>899</ymax>
		</bndbox>
	</object>
	<object>
		<name>col</name>
		<pose>Unspecified</pose>
		<truncated>0</truncated>
		<difficult>0</difficult>
		<bndbox>
			<xmin>780</xmin>
			<ymin>79</ymin>
			<xmax>907</xmax>
			<ymax>901</ymax>
		</bndbox>
	</object>
	<object>
		<name>col</name>
		<pose>Unspecified</pose>
		<truncated>0</truncated>
		<difficult>0</difficult>
		<bndbox>
			<xmin>919</xmin>
			<ymin>79</ymin>
			<xmax>1021</xmax>
			<ymax>901</ymax>
		</bndbox>
	</object>
	<object>
		<name>col</name>
		<pose>Unspecified</pose>
		<truncated>0</truncated>
		<difficult>0</difficult>
		<bndbox>
			<xmin>1047</xmin>
			<ymin>82</ymin>
			<xmax>1184</xmax>
			<ymax>901</ymax>
		</bndbox>
	</object>
	<object>
		<name>final</name>
		<pose>Unspecified</pose>
		<truncated>0</truncated>
		<difficult>0</difficult>
		<bndbox>
			<xmin>671</xmin>
			<ymin>905</ymin>
			<xmax>1193</xmax>
			<ymax>1130</ymax>
		</bndbox>
	</object>
	<object>
		<name>due_date</name>
		<pose>Unspecified</pose>
		<truncated>0</truncated>
		<difficult>0</difficult>
		<bndbox>
			<xmin>56</xmin>
			<ymin>1134</ymin>
			<xmax>295</xmax>
			<ymax>1166</ymax>
		</bndbox>
	</object>
	<object>
		<name>BSB</name>
		<pose>Unspecified</pose>
		<truncated>0</truncated>
		<difficult>0</difficult>
		<bndbox>
			<xmin>52</xmin>
			<ymin>1206</ymin>
			<xmax>186</xmax>
			<ymax>1230</ymax>
		</bndbox>
	</object>
	<object>
		<name>ACC</name>
		<pose>Unspecified</pose>
		<truncated>0</truncated>
		<difficult>0</difficult>
		<bndbox>
			<xmin>56</xmin>
			<ymin>1230</ymin>
			<xmax>224</xmax>
			<ymax>1251</ymax>
		</bndbox>
	</object>
	<object>
		<name>email</name>
		<pose>Unspecified</pose>
		<truncated>0</truncated>
		<difficult>0</difficult>
		<bndbox>
			<xmin>215</xmin>
			<ymin>1249</ymin>
			<xmax>513</xmax>
			<ymax>1284</ymax>
		</bndbox>
	</object>
</annotation>
