<annotation>
	<folder>img</folder>
	<filename>17.jpg</filename>
	<path>E:\labimage\windows_v1.8.0\windows_v1.8.0\img\17.jpg</path>
	<source>
		<database>Unknown</database>
	</source>
	<size>
		<width>1240</width>
		<height>1754</height>
		<depth>1</depth>
	</size>
	<segmented>0</segmented>
	<object>
		<name>company</name>
		<pose>Unspecified</pose>
		<truncated>0</truncated>
		<difficult>0</difficult>
		<bndbox>
			<xmin>204</xmin>
			<ymin>1495</ymin>
			<xmax>567</xmax>
			<ymax>1623</ymax>
		</bndbox>
	</object>
	<object>
		<name>inv_num</name>
		<pose>Unspecified</pose>
		<truncated>0</truncated>
		<difficult>0</difficult>
		<bndbox>
			<xmin>706</xmin>
			<ymin>1380</ymin>
			<xmax>978</xmax>
			<ymax>1414</ymax>
		</bndbox>
	</object>
	<object>
		<name>due_date</name>
		<pose>Unspecified</pose>
		<truncated>0</truncated>
		<difficult>0</difficult>
		<bndbox>
			<xmin>708</xmin>
			<ymin>1447</ymin>
			<xmax>998</xmax>
			<ymax>1475</ymax>
		</bndbox>
	</object>
</annotation>
