<annotation>
	<folder>img</folder>
	<filename>25.jpg</filename>
	<path>E:\labimage\windows_v1.8.0\windows_v1.8.0\img\25.jpg</path>
	<source>
		<database>Unknown</database>
	</source>
	<size>
		<width>1240</width>
		<height>1754</height>
		<depth>1</depth>
	</size>
	<segmented>0</segmented>
	<object>
		<name>inv_num</name>
		<pose>Unspecified</pose>
		<truncated>0</truncated>
		<difficult>0</difficult>
		<bndbox>
			<xmin>710</xmin>
			<ymin>1380</ymin>
			<xmax>998</xmax>
			<ymax>1408</ymax>
		</bndbox>
	</object>
	<object>
		<name>due_date</name>
		<pose>Unspecified</pose>
		<truncated>0</truncated>
		<difficult>0</difficult>
		<bndbox>
			<xmin>711</xmin>
			<ymin>1443</ymin>
			<xmax>995</xmax>
			<ymax>1477</ymax>
		</bndbox>
	</object>
	<object>
		<name>company</name>
		<pose>Unspecified</pose>
		<truncated>0</truncated>
		<difficult>0</difficult>
		<bndbox>
			<xmin>197</xmin>
			<ymin>1488</ymin>
			<xmax>573</xmax>
			<ymax>1618</ymax>
		</bndbox>
	</object>
</annotation>
