<annotation>
	<folder>images</folder>
	<filename>28.jpg</filename>
	<path>E:\labimage\windows_v1.8.0\windows_v1.8.0\invoice\train\images\28.jpg</path>
	<source>
		<database>Unknown</database>
	</source>
	<size>
		<width>1240</width>
		<height>1754</height>
		<depth>3</depth>
	</size>
	<segmented>0</segmented>
	<object>
		<name>col</name>
		<pose>Unspecified</pose>
		<truncated>0</truncated>
		<difficult>0</difficult>
		<bndbox>
			<xmin>52</xmin>
			<ymin>590</ymin>
			<xmax>569</xmax>
			<ymax>1058</ymax>
		</bndbox>
	</object>
	<object>
		<name>col</name>
		<pose>Unspecified</pose>
		<truncated>0</truncated>
		<difficult>0</difficult>
		<bndbox>
			<xmin>637</xmin>
			<ymin>586</ymin>
			<xmax>747</xmax>
			<ymax>1056</ymax>
		</bndbox>
	</object>
	<object>
		<name>col</name>
		<pose>Unspecified</pose>
		<truncated>0</truncated>
		<difficult>0</difficult>
		<bndbox>
			<xmin>804</xmin>
			<ymin>588</ymin>
			<xmax>906</xmax>
			<ymax>1056</ymax>
		</bndbox>
	</object>
	<object>
		<name>col</name>
		<pose>Unspecified</pose>
		<truncated>0</truncated>
		<difficult>0</difficult>
		<bndbox>
			<xmin>915</xmin>
			<ymin>586</ymin>
			<xmax>1021</xmax>
			<ymax>1058</ymax>
		</bndbox>
	</object>
	<object>
		<name>col</name>
		<pose>Unspecified</pose>
		<truncated>0</truncated>
		<difficult>0</difficult>
		<bndbox>
			<xmin>1061</xmin>
			<ymin>592</ymin>
			<xmax>1186</xmax>
			<ymax>1056</ymax>
		</bndbox>
	</object>
	<object>
		<name>customer</name>
		<pose>Unspecified</pose>
		<truncated>0</truncated>
		<difficult>0</difficult>
		<bndbox>
			<xmin>46</xmin>
			<ymin>230</ymin>
			<xmax>402</xmax>
			<ymax>464</ymax>
		</bndbox>
	</object>
	<object>
		<name>company</name>
		<pose>Unspecified</pose>
		<truncated>0</truncated>
		<difficult>0</difficult>
		<bndbox>
			<xmin>946</xmin>
			<ymin>230</ymin>
			<xmax>1177</xmax>
			<ymax>409</ymax>
		</bndbox>
	</object>
	<object>
		<name>final</name>
		<pose>Unspecified</pose>
		<truncated>0</truncated>
		<difficult>0</difficult>
		<bndbox>
			<xmin>667</xmin>
			<ymin>1064</ymin>
			<xmax>1188</xmax>
			<ymax>1262</ymax>
		</bndbox>
	</object>
	<object>
		<name>due_date</name>
		<pose>Unspecified</pose>
		<truncated>0</truncated>
		<difficult>0</difficult>
		<bndbox>
			<xmin>51</xmin>
			<ymin>1288</ymin>
			<xmax>286</xmax>
			<ymax>1325</ymax>
		</bndbox>
	</object>
	<object>
		<name>inv_date</name>
		<pose>Unspecified</pose>
		<truncated>0</truncated>
		<difficult>0</difficult>
		<bndbox>
			<xmin>725</xmin>
			<ymin>230</ymin>
			<xmax>846</xmax>
			<ymax>288</ymax>
		</bndbox>
	</object>
	<object>
		<name>email</name>
		<pose>Unspecified</pose>
		<truncated>0</truncated>
		<difficult>0</difficult>
		<bndbox>
			<xmin>211</xmin>
			<ymin>1404</ymin>
			<xmax>514</xmax>
			<ymax>1441</ymax>
		</bndbox>
	</object>
	<object>
		<name>inv_num</name>
		<pose>Unspecified</pose>
		<truncated>0</truncated>
		<difficult>0</difficult>
		<bndbox>
			<xmin>721</xmin>
			<ymin>295</ymin>
			<xmax>877</xmax>
			<ymax>341</ymax>
		</bndbox>
	</object>
	<object>
		<name>BSB</name>
		<pose>Unspecified</pose>
		<truncated>0</truncated>
		<difficult>0</difficult>
		<bndbox>
			<xmin>53</xmin>
			<ymin>1362</ymin>
			<xmax>183</xmax>
			<ymax>1388</ymax>
		</bndbox>
	</object>
	<object>
		<name>ACC</name>
		<pose>Unspecified</pose>
		<truncated>0</truncated>
		<difficult>0</difficult>
		<bndbox>
			<xmin>42</xmin>
			<ymin>1381</ymin>
			<xmax>235</xmax>
			<ymax>1411</ymax>
		</bndbox>
	</object>
	<object>
		<name>ABN</name>
		<pose>Unspecified</pose>
		<truncated>0</truncated>
		<difficult>0</difficult>
		<bndbox>
			<xmin>721</xmin>
			<ymin>413</ymin>
			<xmax>879</xmax>
			<ymax>471</ymax>
		</bndbox>
	</object>
	<object>
		<name>NDIS</name>
		<pose>Unspecified</pose>
		<truncated>0</truncated>
		<difficult>0</difficult>
		<bndbox>
			<xmin>724</xmin>
			<ymin>349</ymin>
			<xmax>880</xmax>
			<ymax>412</ymax>
		</bndbox>
	</object>
</annotation>
