<annotation>
	<folder>img</folder>
	<filename>31.jpg</filename>
	<path>E:\labimage\windows_v1.8.0\windows_v1.8.0\img\31.jpg</path>
	<source>
		<database>Unknown</database>
	</source>
	<size>
		<width>1240</width>
		<height>1754</height>
		<depth>1</depth>
	</size>
	<segmented>0</segmented>
	<object>
		<name>company</name>
		<pose>Unspecified</pose>
		<truncated>0</truncated>
		<difficult>0</difficult>
		<bndbox>
			<xmin>195</xmin>
			<ymin>1483</ymin>
			<xmax>572</xmax>
			<ymax>1616</ymax>
		</bndbox>
	</object>
	<object>
		<name>due_date</name>
		<pose>Unspecified</pose>
		<truncated>0</truncated>
		<difficult>0</difficult>
		<bndbox>
			<xmin>707</xmin>
			<ymin>1441</ymin>
			<xmax>1000</xmax>
			<ymax>1478</ymax>
		</bndbox>
	</object>
	<object>
		<name>inv_num</name>
		<pose>Unspecified</pose>
		<truncated>0</truncated>
		<difficult>0</difficult>
		<bndbox>
			<xmin>700</xmin>
			<ymin>1378</ymin>
			<xmax>990</xmax>
			<ymax>1406</ymax>
		</bndbox>
	</object>
</annotation>
