<annotation>
	<folder>images</folder>
	<filename>42.jpg</filename>
	<path>E:\labimage\windows_v1.8.0\windows_v1.8.0\invoice\train\images\42.jpg</path>
	<source>
		<database>Unknown</database>
	</source>
	<size>
		<width>1240</width>
		<height>1754</height>
		<depth>3</depth>
	</size>
	<segmented>0</segmented>
	<object>
		<name>col</name>
		<pose>Unspecified</pose>
		<truncated>0</truncated>
		<difficult>0</difficult>
		<bndbox>
			<xmin>54</xmin>
			<ymin>597</ymin>
			<xmax>545</xmax>
			<ymax>730</ymax>
		</bndbox>
	</object>
	<object>
		<name>col</name>
		<pose>Unspecified</pose>
		<truncated>0</truncated>
		<difficult>0</difficult>
		<bndbox>
			<xmin>647</xmin>
			<ymin>597</ymin>
			<xmax>748</xmax>
			<ymax>730</ymax>
		</bndbox>
	</object>
	<object>
		<name>col</name>
		<pose>Unspecified</pose>
		<truncated>0</truncated>
		<difficult>0</difficult>
		<bndbox>
			<xmin>800</xmin>
			<ymin>590</ymin>
			<xmax>915</xmax>
			<ymax>729</ymax>
		</bndbox>
	</object>
	<object>
		<name>col</name>
		<pose>Unspecified</pose>
		<truncated>0</truncated>
		<difficult>0</difficult>
		<bndbox>
			<xmin>921</xmin>
			<ymin>590</ymin>
			<xmax>1024</xmax>
			<ymax>734</ymax>
		</bndbox>
	</object>
	<object>
		<name>col</name>
		<pose>Unspecified</pose>
		<truncated>0</truncated>
		<difficult>0</difficult>
		<bndbox>
			<xmin>1052</xmin>
			<ymin>586</ymin>
			<xmax>1197</xmax>
			<ymax>732</ymax>
		</bndbox>
	</object>
	<object>
		<name>customer</name>
		<pose>Unspecified</pose>
		<truncated>0</truncated>
		<difficult>0</difficult>
		<bndbox>
			<xmin>49</xmin>
			<ymin>225</ymin>
			<xmax>404</xmax>
			<ymax>453</ymax>
		</bndbox>
	</object>
	<object>
		<name>company</name>
		<pose>Unspecified</pose>
		<truncated>0</truncated>
		<difficult>0</difficult>
		<bndbox>
			<xmin>939</xmin>
			<ymin>225</ymin>
			<xmax>1179</xmax>
			<ymax>418</ymax>
		</bndbox>
	</object>
	<object>
		<name>company</name>
		<pose>Unspecified</pose>
		<truncated>0</truncated>
		<difficult>0</difficult>
		<bndbox>
			<xmin>202</xmin>
			<ymin>1485</ymin>
			<xmax>581</xmax>
			<ymax>1625</ymax>
		</bndbox>
	</object>
	<object>
		<name>final</name>
		<pose>Unspecified</pose>
		<truncated>0</truncated>
		<difficult>0</difficult>
		<bndbox>
			<xmin>663</xmin>
			<ymin>739</ymin>
			<xmax>1200</xmax>
			<ymax>941</ymax>
		</bndbox>
	</object>
	<object>
		<name>due_date</name>
		<pose>Unspecified</pose>
		<truncated>0</truncated>
		<difficult>0</difficult>
		<bndbox>
			<xmin>51</xmin>
			<ymin>962</ymin>
			<xmax>311</xmax>
			<ymax>999</ymax>
		</bndbox>
	</object>
	<object>
		<name>due_date</name>
		<pose>Unspecified</pose>
		<truncated>0</truncated>
		<difficult>0</difficult>
		<bndbox>
			<xmin>709</xmin>
			<ymin>1439</ymin>
			<xmax>1014</xmax>
			<ymax>1476</ymax>
		</bndbox>
	</object>
	<object>
		<name>inv_date</name>
		<pose>Unspecified</pose>
		<truncated>0</truncated>
		<difficult>0</difficult>
		<bndbox>
			<xmin>723</xmin>
			<ymin>227</ymin>
			<xmax>851</xmax>
			<ymax>290</ymax>
		</bndbox>
	</object>
	<object>
		<name>email</name>
		<pose>Unspecified</pose>
		<truncated>0</truncated>
		<difficult>0</difficult>
		<bndbox>
			<xmin>221</xmin>
			<ymin>1078</ymin>
			<xmax>516</xmax>
			<ymax>1125</ymax>
		</bndbox>
	</object>
	<object>
		<name>inv_num</name>
		<pose>Unspecified</pose>
		<truncated>0</truncated>
		<difficult>0</difficult>
		<bndbox>
			<xmin>728</xmin>
			<ymin>292</ymin>
			<xmax>867</xmax>
			<ymax>349</ymax>
		</bndbox>
	</object>
	<object>
		<name>inv_num</name>
		<pose>Unspecified</pose>
		<truncated>0</truncated>
		<difficult>0</difficult>
		<bndbox>
			<xmin>707</xmin>
			<ymin>1376</ymin>
			<xmax>988</xmax>
			<ymax>1411</ymax>
		</bndbox>
	</object>
	<object>
		<name>BSB</name>
		<pose>Unspecified</pose>
		<truncated>0</truncated>
		<difficult>0</difficult>
		<bndbox>
			<xmin>44</xmin>
			<ymin>1034</ymin>
			<xmax>183</xmax>
			<ymax>1062</ymax>
		</bndbox>
	</object>
	<object>
		<name>ACC</name>
		<pose>Unspecified</pose>
		<truncated>0</truncated>
		<difficult>0</difficult>
		<bndbox>
			<xmin>49</xmin>
			<ymin>1060</ymin>
			<xmax>232</xmax>
			<ymax>1088</ymax>
		</bndbox>
	</object>
	<object>
		<name>ABN</name>
		<pose>Unspecified</pose>
		<truncated>0</truncated>
		<difficult>0</difficult>
		<bndbox>
			<xmin>724</xmin>
			<ymin>414</ymin>
			<xmax>881</xmax>
			<ymax>474</ymax>
		</bndbox>
	</object>
	<object>
		<name>NDIS</name>
		<pose>Unspecified</pose>
		<truncated>0</truncated>
		<difficult>0</difficult>
		<bndbox>
			<xmin>724</xmin>
			<ymin>356</ymin>
			<xmax>884</xmax>
			<ymax>410</ymax>
		</bndbox>
	</object>
</annotation>
