<annotation>
	<folder>img</folder>
	<filename>46.jpg</filename>
	<path>E:\labimage\windows_v1.8.0\windows_v1.8.0\img\46.jpg</path>
	<source>
		<database>Unknown</database>
	</source>
	<size>
		<width>1240</width>
		<height>1754</height>
		<depth>1</depth>
	</size>
	<segmented>0</segmented>
	<object>
		<name>company</name>
		<pose>Unspecified</pose>
		<truncated>0</truncated>
		<difficult>0</difficult>
		<bndbox>
			<xmin>197</xmin>
			<ymin>1490</ymin>
			<xmax>588</xmax>
			<ymax>1620</ymax>
		</bndbox>
	</object>
	<object>
		<name>due_date</name>
		<pose>Unspecified</pose>
		<truncated>0</truncated>
		<difficult>0</difficult>
		<bndbox>
			<xmin>700</xmin>
			<ymin>1446</ymin>
			<xmax>1007</xmax>
			<ymax>1481</ymax>
		</bndbox>
	</object>
	<object>
		<name>inv_num</name>
		<pose>Unspecified</pose>
		<truncated>0</truncated>
		<difficult>0</difficult>
		<bndbox>
			<xmin>700</xmin>
			<ymin>1378</ymin>
			<xmax>981</xmax>
			<ymax>1413</ymax>
		</bndbox>
	</object>
</annotation>
