<annotation>
	<folder>images</folder>
	<filename>49.jpg</filename>
	<path>E:\labimage\windows_v1.8.0\windows_v1.8.0\invoice\train\images\49.jpg</path>
	<source>
		<database>Unknown</database>
	</source>
	<size>
		<width>1240</width>
		<height>1754</height>
		<depth>3</depth>
	</size>
	<segmented>0</segmented>
	<object>
		<name>col</name>
		<pose>Unspecified</pose>
		<truncated>0</truncated>
		<difficult>0</difficult>
		<bndbox>
			<xmin>50</xmin>
			<ymin>593</ymin>
			<xmax>539</xmax>
			<ymax>732</ymax>
		</bndbox>
	</object>
	<object>
		<name>col</name>
		<pose>Unspecified</pose>
		<truncated>0</truncated>
		<difficult>0</difficult>
		<bndbox>
			<xmin>647</xmin>
			<ymin>593</ymin>
			<xmax>739</xmax>
			<ymax>732</ymax>
		</bndbox>
	</object>
	<object>
		<name>col</name>
		<pose>Unspecified</pose>
		<truncated>0</truncated>
		<difficult>0</difficult>
		<bndbox>
			<xmin>800</xmin>
			<ymin>592</ymin>
			<xmax>908</xmax>
			<ymax>734</ymax>
		</bndbox>
	</object>
	<object>
		<name>col</name>
		<pose>Unspecified</pose>
		<truncated>0</truncated>
		<difficult>0</difficult>
		<bndbox>
			<xmin>919</xmin>
			<ymin>593</ymin>
			<xmax>1024</xmax>
			<ymax>730</ymax>
		</bndbox>
	</object>
	<object>
		<name>col</name>
		<pose>Unspecified</pose>
		<truncated>0</truncated>
		<difficult>0</difficult>
		<bndbox>
			<xmin>1060</xmin>
			<ymin>592</ymin>
			<xmax>1182</xmax>
			<ymax>732</ymax>
		</bndbox>
	</object>
	<object>
		<name>customer</name>
		<pose>Unspecified</pose>
		<truncated>0</truncated>
		<difficult>0</difficult>
		<bndbox>
			<xmin>53</xmin>
			<ymin>232</ymin>
			<xmax>395</xmax>
			<ymax>455</ymax>
		</bndbox>
	</object>
	<object>
		<name>company</name>
		<pose>Unspecified</pose>
		<truncated>0</truncated>
		<difficult>0</difficult>
		<bndbox>
			<xmin>942</xmin>
			<ymin>220</ymin>
			<xmax>1186</xmax>
			<ymax>411</ymax>
		</bndbox>
	</object>
	<object>
		<name>company</name>
		<pose>Unspecified</pose>
		<truncated>0</truncated>
		<difficult>0</difficult>
		<bndbox>
			<xmin>200</xmin>
			<ymin>1485</ymin>
			<xmax>586</xmax>
			<ymax>1625</ymax>
		</bndbox>
	</object>
	<object>
		<name>final</name>
		<pose>Unspecified</pose>
		<truncated>0</truncated>
		<difficult>0</difficult>
		<bndbox>
			<xmin>670</xmin>
			<ymin>736</ymin>
			<xmax>1190</xmax>
			<ymax>920</ymax>
		</bndbox>
	</object>
	<object>
		<name>due_date</name>
		<pose>Unspecified</pose>
		<truncated>0</truncated>
		<difficult>0</difficult>
		<bndbox>
			<xmin>53</xmin>
			<ymin>962</ymin>
			<xmax>286</xmax>
			<ymax>999</ymax>
		</bndbox>
	</object>
	<object>
		<name>due_date</name>
		<pose>Unspecified</pose>
		<truncated>0</truncated>
		<difficult>0</difficult>
		<bndbox>
			<xmin>707</xmin>
			<ymin>1439</ymin>
			<xmax>993</xmax>
			<ymax>1476</ymax>
		</bndbox>
	</object>
	<object>
		<name>inv_date</name>
		<pose>Unspecified</pose>
		<truncated>0</truncated>
		<difficult>0</difficult>
		<bndbox>
			<xmin>716</xmin>
			<ymin>230</ymin>
			<xmax>856</xmax>
			<ymax>290</ymax>
		</bndbox>
	</object>
	<object>
		<name>email</name>
		<pose>Unspecified</pose>
		<truncated>0</truncated>
		<difficult>0</difficult>
		<bndbox>
			<xmin>218</xmin>
			<ymin>1081</ymin>
			<xmax>516</xmax>
			<ymax>1116</ymax>
		</bndbox>
	</object>
	<object>
		<name>inv_num</name>
		<pose>Unspecified</pose>
		<truncated>0</truncated>
		<difficult>0</difficult>
		<bndbox>
			<xmin>718</xmin>
			<ymin>295</ymin>
			<xmax>877</xmax>
			<ymax>346</ymax>
		</bndbox>
	</object>
	<object>
		<name>inv_num</name>
		<pose>Unspecified</pose>
		<truncated>0</truncated>
		<difficult>0</difficult>
		<bndbox>
			<xmin>702</xmin>
			<ymin>1381</ymin>
			<xmax>993</xmax>
			<ymax>1411</ymax>
		</bndbox>
	</object>
	<object>
		<name>BSB</name>
		<pose>Unspecified</pose>
		<truncated>0</truncated>
		<difficult>0</difficult>
		<bndbox>
			<xmin>49</xmin>
			<ymin>1034</ymin>
			<xmax>186</xmax>
			<ymax>1062</ymax>
		</bndbox>
	</object>
	<object>
		<name>ACC</name>
		<pose>Unspecified</pose>
		<truncated>0</truncated>
		<difficult>0</difficult>
		<bndbox>
			<xmin>51</xmin>
			<ymin>1057</ymin>
			<xmax>239</xmax>
			<ymax>1090</ymax>
		</bndbox>
	</object>
	<object>
		<name>ABN</name>
		<pose>Unspecified</pose>
		<truncated>0</truncated>
		<difficult>0</difficult>
		<bndbox>
			<xmin>718</xmin>
			<ymin>413</ymin>
			<xmax>877</xmax>
			<ymax>471</ymax>
		</bndbox>
	</object>
	<object>
		<name>NDIS</name>
		<pose>Unspecified</pose>
		<truncated>0</truncated>
		<difficult>0</difficult>
		<bndbox>
			<xmin>724</xmin>
			<ymin>355</ymin>
			<xmax>884</xmax>
			<ymax>412</ymax>
		</bndbox>
	</object>
</annotation>
