<annotation>
	<folder>img</folder>
	<filename>51.jpg</filename>
	<path>E:\labimage\windows_v1.8.0\windows_v1.8.0\img\51.jpg</path>
	<source>
		<database>Unknown</database>
	</source>
	<size>
		<width>1240</width>
		<height>1754</height>
		<depth>1</depth>
	</size>
	<segmented>0</segmented>
	<object>
		<name>company</name>
		<pose>Unspecified</pose>
		<truncated>0</truncated>
		<difficult>0</difficult>
		<bndbox>
			<xmin>195</xmin>
			<ymin>1488</ymin>
			<xmax>583</xmax>
			<ymax>1630</ymax>
		</bndbox>
	</object>
	<object>
		<name>due_date</name>
		<pose>Unspecified</pose>
		<truncated>0</truncated>
		<difficult>0</difficult>
		<bndbox>
			<xmin>704</xmin>
			<ymin>1443</ymin>
			<xmax>1002</xmax>
			<ymax>1474</ymax>
		</bndbox>
	</object>
	<object>
		<name>inv_num</name>
		<pose>Unspecified</pose>
		<truncated>0</truncated>
		<difficult>0</difficult>
		<bndbox>
			<xmin>707</xmin>
			<ymin>1378</ymin>
			<xmax>990</xmax>
			<ymax>1413</ymax>
		</bndbox>
	</object>
</annotation>
