<annotation>
	<folder>images</folder>
	<filename>52.jpg</filename>
	<path>E:\labimage\windows_v1.8.0\windows_v1.8.0\invoice\train\images\52.jpg</path>
	<source>
		<database>Unknown</database>
	</source>
	<size>
		<width>1240</width>
		<height>1754</height>
		<depth>3</depth>
	</size>
	<segmented>0</segmented>
	<object>
		<name>col</name>
		<pose>Unspecified</pose>
		<truncated>0</truncated>
		<difficult>0</difficult>
		<bndbox>
			<xmin>56</xmin>
			<ymin>595</ymin>
			<xmax>545</xmax>
			<ymax>821</ymax>
		</bndbox>
	</object>
	<object>
		<name>col</name>
		<pose>Unspecified</pose>
		<truncated>0</truncated>
		<difficult>0</difficult>
		<bndbox>
			<xmin>641</xmin>
			<ymin>590</ymin>
			<xmax>741</xmax>
			<ymax>823</ymax>
		</bndbox>
	</object>
	<object>
		<name>col</name>
		<pose>Unspecified</pose>
		<truncated>0</truncated>
		<difficult>0</difficult>
		<bndbox>
			<xmin>806</xmin>
			<ymin>593</ymin>
			<xmax>911</xmax>
			<ymax>823</ymax>
		</bndbox>
	</object>
	<object>
		<name>col</name>
		<pose>Unspecified</pose>
		<truncated>0</truncated>
		<difficult>0</difficult>
		<bndbox>
			<xmin>919</xmin>
			<ymin>597</ymin>
			<xmax>1024</xmax>
			<ymax>821</ymax>
		</bndbox>
	</object>
	<object>
		<name>col</name>
		<pose>Unspecified</pose>
		<truncated>0</truncated>
		<difficult>0</difficult>
		<bndbox>
			<xmin>1054</xmin>
			<ymin>592</ymin>
			<xmax>1198</xmax>
			<ymax>821</ymax>
		</bndbox>
	</object>
	<object>
		<name>customer</name>
		<pose>Unspecified</pose>
		<truncated>0</truncated>
		<difficult>0</difficult>
		<bndbox>
			<xmin>53</xmin>
			<ymin>234</ymin>
			<xmax>416</xmax>
			<ymax>446</ymax>
		</bndbox>
	</object>
	<object>
		<name>company</name>
		<pose>Unspecified</pose>
		<truncated>0</truncated>
		<difficult>0</difficult>
		<bndbox>
			<xmin>942</xmin>
			<ymin>225</ymin>
			<xmax>1177</xmax>
			<ymax>439</ymax>
		</bndbox>
	</object>
	<object>
		<name>company</name>
		<pose>Unspecified</pose>
		<truncated>0</truncated>
		<difficult>0</difficult>
		<bndbox>
			<xmin>197</xmin>
			<ymin>1474</ymin>
			<xmax>586</xmax>
			<ymax>1627</ymax>
		</bndbox>
	</object>
	<object>
		<name>final</name>
		<pose>Unspecified</pose>
		<truncated>0</truncated>
		<difficult>0</difficult>
		<bndbox>
			<xmin>667</xmin>
			<ymin>832</ymin>
			<xmax>1204</xmax>
			<ymax>1032</ymax>
		</bndbox>
	</object>
	<object>
		<name>due_date</name>
		<pose>Unspecified</pose>
		<truncated>0</truncated>
		<difficult>0</difficult>
		<bndbox>
			<xmin>49</xmin>
			<ymin>1050</ymin>
			<xmax>288</xmax>
			<ymax>1095</ymax>
		</bndbox>
	</object>
	<object>
		<name>due_date</name>
		<pose>Unspecified</pose>
		<truncated>0</truncated>
		<difficult>0</difficult>
		<bndbox>
			<xmin>709</xmin>
			<ymin>1443</ymin>
			<xmax>997</xmax>
			<ymax>1474</ymax>
		</bndbox>
	</object>
	<object>
		<name>inv_date</name>
		<pose>Unspecified</pose>
		<truncated>0</truncated>
		<difficult>0</difficult>
		<bndbox>
			<xmin>723</xmin>
			<ymin>230</ymin>
			<xmax>849</xmax>
			<ymax>288</ymax>
		</bndbox>
	</object>
	<object>
		<name>email</name>
		<pose>Unspecified</pose>
		<truncated>0</truncated>
		<difficult>0</difficult>
		<bndbox>
			<xmin>214</xmin>
			<ymin>1174</ymin>
			<xmax>511</xmax>
			<ymax>1211</ymax>
		</bndbox>
	</object>
	<object>
		<name>inv_num</name>
		<pose>Unspecified</pose>
		<truncated>0</truncated>
		<difficult>0</difficult>
		<bndbox>
			<xmin>718</xmin>
			<ymin>292</ymin>
			<xmax>874</xmax>
			<ymax>343</ymax>
		</bndbox>
	</object>
	<object>
		<name>inv_num</name>
		<pose>Unspecified</pose>
		<truncated>0</truncated>
		<difficult>0</difficult>
		<bndbox>
			<xmin>702</xmin>
			<ymin>1371</ymin>
			<xmax>986</xmax>
			<ymax>1416</ymax>
		</bndbox>
	</object>
	<object>
		<name>BSB</name>
		<pose>Unspecified</pose>
		<truncated>0</truncated>
		<difficult>0</difficult>
		<bndbox>
			<xmin>49</xmin>
			<ymin>1125</ymin>
			<xmax>181</xmax>
			<ymax>1155</ymax>
		</bndbox>
	</object>
	<object>
		<name>ACC</name>
		<pose>Unspecified</pose>
		<truncated>0</truncated>
		<difficult>0</difficult>
		<bndbox>
			<xmin>56</xmin>
			<ymin>1153</ymin>
			<xmax>239</xmax>
			<ymax>1183</ymax>
		</bndbox>
	</object>
	<object>
		<name>ABN</name>
		<pose>Unspecified</pose>
		<truncated>0</truncated>
		<difficult>0</difficult>
		<bndbox>
			<xmin>726</xmin>
			<ymin>416</ymin>
			<xmax>872</xmax>
			<ymax>478</ymax>
		</bndbox>
	</object>
	<object>
		<name>NDIS</name>
		<pose>Unspecified</pose>
		<truncated>0</truncated>
		<difficult>0</difficult>
		<bndbox>
			<xmin>726</xmin>
			<ymin>355</ymin>
			<xmax>884</xmax>
			<ymax>418</ymax>
		</bndbox>
	</object>
</annotation>
