<annotation>
	<folder>img</folder>
	<filename>63.jpg</filename>
	<path>E:\labimage\windows_v1.8.0\windows_v1.8.0\img\63.jpg</path>
	<source>
		<database>Unknown</database>
	</source>
	<size>
		<width>1240</width>
		<height>1754</height>
		<depth>1</depth>
	</size>
	<segmented>0</segmented>
	<object>
		<name>company</name>
		<pose>Unspecified</pose>
		<truncated>0</truncated>
		<difficult>0</difficult>
		<bndbox>
			<xmin>202</xmin>
			<ymin>1478</ymin>
			<xmax>579</xmax>
			<ymax>1623</ymax>
		</bndbox>
	</object>
	<object>
		<name>due_date</name>
		<pose>Unspecified</pose>
		<truncated>0</truncated>
		<difficult>0</difficult>
		<bndbox>
			<xmin>707</xmin>
			<ymin>1439</ymin>
			<xmax>1014</xmax>
			<ymax>1471</ymax>
		</bndbox>
	</object>
	<object>
		<name>inv_num</name>
		<pose>Unspecified</pose>
		<truncated>0</truncated>
		<difficult>0</difficult>
		<bndbox>
			<xmin>707</xmin>
			<ymin>1381</ymin>
			<xmax>990</xmax>
			<ymax>1418</ymax>
		</bndbox>
	</object>
</annotation>
