<annotation>
	<folder>img</folder>
	<filename>69.jpg</filename>
	<path>E:\labimage\windows_v1.8.0\windows_v1.8.0\img\69.jpg</path>
	<source>
		<database>Unknown</database>
	</source>
	<size>
		<width>1240</width>
		<height>1754</height>
		<depth>1</depth>
	</size>
	<segmented>0</segmented>
	<object>
		<name>company</name>
		<pose>Unspecified</pose>
		<truncated>0</truncated>
		<difficult>0</difficult>
		<bndbox>
			<xmin>193</xmin>
			<ymin>1488</ymin>
			<xmax>579</xmax>
			<ymax>1620</ymax>
		</bndbox>
	</object>
	<object>
		<name>due_date</name>
		<pose>Unspecified</pose>
		<truncated>0</truncated>
		<difficult>0</difficult>
		<bndbox>
			<xmin>709</xmin>
			<ymin>1446</ymin>
			<xmax>1009</xmax>
			<ymax>1478</ymax>
		</bndbox>
	</object>
	<object>
		<name>inv_num</name>
		<pose>Unspecified</pose>
		<truncated>0</truncated>
		<difficult>0</difficult>
		<bndbox>
			<xmin>702</xmin>
			<ymin>1376</ymin>
			<xmax>986</xmax>
			<ymax>1413</ymax>
		</bndbox>
	</object>
</annotation>
